QueryNumber;DocNumber;DocVotes
1;139;4
31;845;4
30;1224;4
58;577;4
30;911;4
58;588;4
30;880;4
58;590;4
30;586;4
58;591;4
58;614;4
30;433;4
58;769;4
58;778;4
29;1192;4
58;790;4
58;812;4
58;860;4
58;865;4
58;874;4
58;890;4
58;917;4
29;832;4
58;447;4
31;43;4
58;432;4
31;448;4
58;160;4
31;760;4
58;178;4
58;188;4
31;651;4
58;223;4
31;586;4
31;557;4
31;467;4
31;433;4
31;127;4
31;370;4
31;332;4
58;346;4
31;330;4
58;347;4
31;239;4
31;226;4
31;189;4
58;394;4
58;983;4
58;986;4
58;987;4
59;513;4
28;759;4
59;394;4
59;397;4
59;401;4
59;402;4
59;432;4
59;505;4
59;509;4
28;477;4
59;565;4
59;366;4
28;370;4
28;352;4
28;351;4
59;577;4
59;668;4
28;215;4
59;670;4
59;689;4
59;767;4
28;822;4
59;365;4
29;759;4
29;322;4
58;988;4
58;989;4
58;1170;4
58;1171;4
58;1173;4
29;370;4
29;352;4
29;351;4
59;55;4
29;300;4
59;284;4
29;274;4
29;215;4
59;102;4
59;214;4
28;1083;4
59;223;4
59;228;4
59;229;4
59;279;4
31;839;4
31;882;4
17;1101;4
58;80;4
34;846;4
54;812;4
34;817;4
34;795;4
34;773;4
34;721;4
34;638;4
34;637;4
54;819;4
54;904;4
34;471;4
34;465;4
34;404;4
34;403;4
54;964;4
34;261;4
54;1005;4
54;1007;4
54;1048;4
54;1060;4
54;1134;4
34;916;4
54;632;4
54;631;4
54;228;4
37;120;4
54;11;4
37;71;4
54;211;4
37;38;4
37;35;4
37;33;4
54;223;4
37;3;4
54;229;4
34;995;4
54;358;4
54;369;4
35;1109;4
54;382;4
54;401;4
54;402;4
54;432;4
54;485;4
35;210;4
54;1163;4
34;65;4
34;37;4
58;1;4
57;1;4
33;91;4
57;223;4
57;590;4
32;722;4
32;433;4
32;389;4
57;987;4
32;184;4
31;1233;4
33;370;4
58;6;4
58;7;4
31;1084;4
31;1036;4
31;1022;4
31;1020;4
31;999;4
58;62;4
31;938;4
56;767;4
33;403;4
33;1234;4
33;995;4
54;1169;4
33;1186;4
33;1183;4
33;1122;4
33;1113;4
33;1105;4
33;1052;4
55;432;4
33;996;4
33;927;4
33;465;4
33;920;4
33;916;4
55;521;4
55;530;4
33;825;4
55;820;4
33;811;4
33;721;4
33;612;4
59;784;4
59;812;4
27;905;4
59;833;4
21;709;4
21;708;4
65;144;4
65;155;4
65;194;4
65;206;4
21;251;4
65;211;4
21;68;4
65;349;4
20;1215;4
20;1213;4
65;368;4
20;1168;4
20;1115;4
65;370;4
20;1066;4
65;372;4
20;962;4
65;387;4
65;388;4
65;64;4
65;24;4
65;20;4
22;258;4
63;429;4
63;463;4
22;478;4
22;473;4
22;431;4
63;1155;4
64;22;4
22;276;4
22;262;4
64;64;4
64;1195;4
64;372;4
22;130;4
64;437;4
64;814;4
64;842;4
22;13;4
64;1038;4
21;1158;4
21;1115;4
20;924;4
65;437;4
65;578;4
19;432;4
65;1046;4
19;897;4
19;693;4
19;688;4
19;672;4
19;626;4
19;618;4
19;506;4
19;487;4
65;1073;4
19;1103;4
65;1099;4
65;1151;4
65;1195;4
65;1237;4
66;322;4
66;348;4
66;370;4
66;429;4
66;434;4
19;1049;4
65;1038;4
65;606;4
20;292;4
20;823;4
65;674;4
20;758;4
65;699;4
65;736;4
20;544;4
20;540;4
20;539;4
20;538;4
20;290;4
20;126;4
65;842;4
20;287;4
20;286;4
65;885;4
20;278;4
20;220;4
20;208;4
20;207;4
65;886;4
22;692;4
22;704;4
62;1151;4
60;241;4
59;1102;4
59;1163;4
25;1195;4
25;1194;4
59;1171;4
59;1205;4
60;100;4
25;926;4
25;913;4
60;348;4
26;199;4
25;858;4
25;647;4
60;698;4
60;1004;4
25;503;4
25;431;4
25;411;4
61;195;4
61;196;4
26;104;4
59;1095;4
61;437;4
59;936;4
27;599;4
59;865;4
26;1194;4
26;1166;4
26;1144;4
26;1061;4
59;903;4
59;905;4
26;807;4
26;665;4
26;281;4
26;617;4
26;610;4
59;989;4
59;1025;4
26;431;4
59;1074;4
59;1077;4
26;328;4
26;285;4
61;383;4
25;72;4
62;1073;4
23;10;4
62;370;4
23;434;4
23;426;4
62;438;4
62;550;4
23;99;4
23;42;4
23;34;4
23;12;4
23;9;4
23;541;4
62;722;4
22;1194;4
22;1156;4
22;1083;4
62;806;4
62;842;4
22;908;4
22;898;4
22;764;4
23;509;4
23;979;4
24;1195;4
61;605;4
24;1109;4
61;501;4
61;502;4
24;926;4
24;915;4
24;913;4
61;505;4
61;531;4
24;647;4
61;685;4
62;226;4
61;754;4
61;969;4
61;1079;4
62;17;4
24;254;4
62;148;4
43;441;4
62;193;4
23;1114;4
37;131;4
37;158;4
37;175;4
39;873;4
46;51;4
46;53;4
46;503;4
40;405;4
40;404;4
46;516;4
46;702;4
46;737;4
46;854;4
46;856;4
46;1212;4
47;163;4
47;295;4
47;406;4
47;505;4
40;277;4
40;254;4
47;684;4
47;694;4
40;233;4
40;231;4
45;1159;4
40;465;4
45;924;4
44;1148;4
44;1029;4
44;1030;4
40;815;4
40;786;4
40;785;4
44;1053;4
44;1055;4
44;1059;4
44;1072;4
44;1156;4
40;479;4
44;1160;4
44;1185;4
44;1201;4
44;1202;4
44;1222;4
44;1230;4
45;338;4
45;803;4
45;919;4
40;225;4
47;906;4
47;1165;4
50;848;4
39;1139;4
39;1137;4
49;953;4
49;972;4
49;1198;4
50;259;4
50;435;4
50;495;4
50;548;4
50;953;4
49;625;4
50;961;4
39;971;4
50;1156;4
50;1157;4
50;1159;4
51;26;4
51;67;4
51;72;4
1;151;4
39;1141;4
49;624;4
48;154;4
48;1231;4
48;336;4
48;436;4
48;453;4
40;116;4
48;568;4
48;576;4
40;77;4
48;850;4
40;28;4
49;138;4
49;568;4
49;143;4
40;4;4
40;3;4
49;313;4
39;1234;4
49;436;4
39;1225;4
49;493;4
49;504;4
44;1024;4
44;973;4
44;971;4
44;411;4
44;269;4
44;312;4
44;325;4
44;336;4
44;386;4
42;695;4
44;390;4
44;399;4
42;585;4
42;505;4
44;190;4
42;416;4
44;453;4
42;337;4
44;495;4
42;317;4
44;504;4
42;301;4
42;209;4
44;528;4
44;236;4
44;171;4
42;57;4
43;125;4
43;418;4
43;504;4
43;370;4
43;568;4
43;960;4
43;172;4
43;140;4
43;1200;4
44;44;4
43;124;4
44;154;4
44;53;4
44;67;4
44;72;4
43;66;4
44;74;4
43;54;4
44;84;4
44;124;4
44;143;4
42;92;4
44;548;4
44;967;4
44;766;4
44;666;4
44;691;4
44;702;4
40;1117;4
44;737;4
44;743;4
40;1100;4
44;750;4
44;765;4
44;786;4
44;647;4
44;840;4
40;1008;4
44;847;4
44;850;4
44;858;4
44;873;4
44;951;4
40;941;4
44;953;4
44;655;4
44;636;4
44;561;4
44;574;4
41;1190;4
44;566;4
41;1115;4
41;1108;4
41;1107;4
41;1106;4
44;567;4
44;568;4
41;603;4
44;575;4
40;1135;4
44;621;4
40;1234;4
40;1193;4
44;622;4
44;623;4
44;624;4
44;625;4
44;634;4
40;1137;4
51;84;4
51;85;4
37;203;4
39;851;4
38;360;4
51;957;4
51;958;4
51;966;4
38;14;4
37;1234;4
37;1182;4
37;1178;4
37;1176;4
37;1174;4
37;1133;4
37;1131;4
37;1128;4
37;1126;4
51;1026;4
37;1028;4
37;1014;4
37;1008;4
37;991;4
37;946;4
51;1044;4
38;390;4
51;950;4
51;949;4
51;748;4
51;685;4
38;971;4
51;726;4
51;738;4
51;739;4
51;740;4
51;741;4
51;744;4
51;746;4
51;749;4
38;465;4
51;827;4
51;829;4
38;644;4
38;634;4
51;864;4
51;869;4
51;892;4
51;918;4
51;921;4
37;942;4
37;933;4
37;930;4
37;379;4
37;482;4
37;476;4
37;470;4
37;465;4
51;1210;4
51;1211;4
51;1212;4
51;1236;4
37;380;4
37;378;4
37;491;4
52;406;4
53;432;4
37;319;4
37;318;4
37;280;4
37;247;4
37;234;4
53;987;4
37;225;4
37;483;4
37;492;4
37;877;4
51;1196;4
51;1076;4
37;849;4
37;835;4
37;831;4
51;1120;4
37;817;4
37;815;4
51;1156;4
51;1167;4
37;717;4
51;1209;4
37;712;4
51;1200;4
37;697;4
51;1203;4
37;627;4
37;600;4
51;1204;4
51;1207;4
51;1208;4
51;681;4
51;646;4
51;608;4
51;400;4
51;306;4
51;308;4
51;325;4
39;560;4
51;365;4
51;366;4
51;370;4
51;386;4
51;392;4
51;407;4
51;304;4
51;418;4
51;419;4
39;470;4
51;442;4
51;444;4
39;420;4
39;407;4
51;445;4
51;465;4
51;305;4
51;303;4
51;484;4
51;225;4
51;112;4
51;114;4
51;122;4
51;137;4
51;141;4
51;142;4
51;191;4
51;201;4
51;214;4
51;235;4
51;302;4
39;654;4
51;236;4
51;249;4
51;254;4
39;645;4
39;639;4
51;270;4
39;619;4
39;584;4
51;481;4
51;490;4
38;1068;4
51;568;4
51;535;4
51;553;4
51;560;4
51;563;4
51;564;4
39;85;4
51;565;4
39;83;4
51;566;4
51;569;4
39;217;4
51;570;4
51;572;4
51;573;4
51;574;4
51;575;4
38;1140;4
38;1136;4
38;1130;4
51;605;4
39;216;4
39;218;4
51;494;4
39;249;4
51;498;4
39;338;4
51;501;4
51;504;4
39;304;4
39;293;4
39;289;4
39;277;4
51;528;4
51;529;4
39;219;4
51;530;4
39;236;4
39;235;4
51;531;4
51;532;4
51;534;4
39;225;4
39;222;4
39;221;4
18;129;4
62;155;4
86;148;4
87;229;4
14;344;4
14;234;4
14;233;4
87;187;4
14;150;4
14;131;4
87;228;4
87;369;4
14;417;4
87;370;4
87;432;4
13;791;4
87;1005;4
87;1015;4
13;314;4
13;301;4
14;405;4
86;590;4
15;99;4
86;110;4
85;202;4
15;59;4
85;1018;4
85;1118;4
86;8;4
14;1124;4
14;1100;4
14;899;4
86;554;4
14;852;4
14;815;4
14;791;4
86;271;4
14;635;4
86;346;4
14;462;4
13;156;4
88;457;4
12;70;4
10;30;4
10;676;4
10;581;4
10;413;4
90;1086;4
10;296;4
10;170;4
10;157;4
91;29;4
11;991;4
9;414;4
91;57;4
91;58;4
91;59;4
9;165;4
91;69;4
91;88;4
90;912;4
90;884;4
90;590;4
10;878;4
11;909;4
88;1091;4
89;176;4
11;798;4
11;796;4
89;260;4
89;469;4
90;7;4
90;176;4
90;177;4
90;200;4
10;1218;4
90;265;4
10;1115;4
90;451;4
85;29;4
15;204;4
78;320;4
80;753;4
16;46;4
79;1112;4
79;1181;4
15;1192;4
80;458;4
15;1184;4
80;460;4
80;800;4
16;95;4
80;1078;4
80;1227;4
15;994;4
81;321;4
81;370;4
81;438;4
81;546;4
16;89;4
79;650;4
15;205;4
78;686;4
16;370;4
16;364;4
78;373;4
78;452;4
16;322;4
78;680;4
16;301;4
78;802;4
79;648;4
78;1021;4
78;1111;4
78;1181;4
79;123;4
16;186;4
16;182;4
79;438;4
15;870;4
81;734;4
82;25;4
15;370;4
15;443;4
83;18;4
83;166;4
15;423;4
15;422;4
83;432;4
15;385;4
15;364;4
82;90;4
15;355;4
15;339;4
15;322;4
15;301;4
83;1203;4
15;266;4
84;160;4
15;545;4
15;549;4
15;601;4
82;963;4
82;93;4
82;135;4
82;253;4
82;321;4
82;326;4
15;752;4
82;359;4
82;370;4
82;438;4
15;722;4
15;720;4
15;700;4
15;690;4
82;546;4
82;734;4
91;95;4
91;97;4
91;98;4
3;1144;4
4;876;4
4;711;4
4;604;4
92;952;4
92;1147;4
92;1195;4
92;1232;4
92;1234;4
92;879;4
3;856;4
92;113;4
92;145;4
92;180;4
3;633;4
92;272;4
94;309;4
5;47;4
92;842;4
8;499;4
5;374;4
91;1189;4
91;1216;4
5;439;4
91;1217;4
91;1219;4
91;1226;4
92;213;4
92;258;4
92;783;4
5;370;4
92;472;4
92;473;4
5;256;4
92;599;4
92;661;4
5;151;4
94;311;4
94;440;4
94;494;4
99;324;4
97;757;4
98;145;4
1;875;4
98;728;4
98;782;4
99;268;4
1;533;4
99;449;4
94;498;4
100;183;4
1;461;4
100;370;4
1;441;4
100;579;4
100;1000;4
100;1017;4
97;539;4
96;673;4
96;455;4
96;454;4
94;536;4
94;742;4
94;745;4
3;375;4
94;955;4
94;1121;4
94;1143;4
94;1156;4
94;1197;4
94;1199;4
94;1204;4
94;1223;4
95;30;4
3;139;4
96;75;4
91;1184;4
91;1177;4
5;497;4
91;552;4
91;395;4
91;396;4
91;413;4
91;422;4
91;468;4
91;475;4
91;550;4
6;31;4
91;732;4
91;594;4
91;598;4
91;615;4
5;1144;4
91;641;4
91;700;4
91;722;4
91;385;4
91;381;4
91;376;4
91;370;4
91;139;4
91;174;4
91;182;4
8;23;4
91;250;4
91;266;4
91;267;4
91;294;4
7;856;4
91;322;4
91;339;4
7;623;4
91;353;4
7;371;4
91;362;4
91;728;4
5;975;4
5;498;4
5;533;4
91;893;4
5;633;4
5;593;4
91;965;4
91;974;4
91;985;4
91;997;4
91;998;4
91;733;4
91;1000;4
91;1018;4
91;1095;4
91;1098;4
5;503;4
91;1118;4
5;499;4
5;710;4
91;870;4
91;859;4
91;833;4
91;752;4
91;756;4
91;759;4
91;763;4
91;770;4
5;875;4
91;781;4
5;861;4
5;856;4
91;787;4
5;805;4
91;797;4
91;801;4
91;808;4
91;822;4
16;396;4
43;440;4
77;1153;4
71;148;4
77;438;4
70;1009;4
68;1003;4
70;1032;4
70;1104;4
77;1152;4
17;688;4
16;727;4
68;904;4
77;323;4
68;543;4
16;834;4
69;193;4
17;791;4
17;810;4
70;370;4
68;349;4
77;1220;4
76;437;4
77;546;4
74;914;4
16;935;4
77;939;4
68;206;4
77;327;4
77;963;4
68;90;4
70;698;4
70;340;4
75;370;4
77;1138;4
75;446;4
77;1149;4
70;438;4
77;1034;4
77;370;4
69;907;4
17;49;4
77;359;4
77;1012;4
17;357;4
77;1006;4
16;722;4
69;703;4
69;438;4
70;804;4
69;370;4
75;316;4
16;1192;4
69;363;4
77;437;4
69;359;4
74;910;4
77;1035;4
77;754;4
16;772;4
77;27;4
77;843;4
77;734;4
77;90;4
16;756;4
73;370;4
16;659;4
77;195;4
73;224;4
77;224;4
78;159;4
73;844;4
16;468;4
16;466;4
16;993;4
73;843;4
73;227;4
16;443;4
67;148;4
78;253;4
73;359;4
73;630;4
16;799;4
72;682;4
76;606;4
78;255;4
16;475;4
77;629;4
72;732;4
73;50;4
77;630;4
73;438;4
77;844;4
76;1188;4
16;649;4
16;1017;4
66;1192;4
39;252;3
63;1229;3
91;359;3
51;511;3
63;1171;3
39;263;3
39;716;3
51;521;3
63;1192;3
73;806;3
91;364;3
63;1228;3
51;333;3
39;356;3
16;901;3
51;430;3
91;603;3
91;579;3
91;611;3
5;1175;3
51;383;3
74;148;3
64;370;3
39;573;3
51;415;3
91;682;3
6;503;3
5;1064;3
91;683;3
51;277;3
91;478;3
39;412;3
91;474;3
91;684;3
91;466;3
39;553;3
6;875;3
91;695;3
62;904;3
91;119;3
22;370;3
12;443;3
88;614;3
89;79;3
37;774;3
76;1007;3
37;866;3
89;905;3
11;518;3
89;912;3
62;736;3
11;96;3
62;763;3
10;1239;3
37;1011;3
90;260;3
62;768;3
62;803;3
76;438;3
88;590;3
12;466;3
62;837;3
88;370;3
62;473;3
87;438;3
13;902;3
53;577;3
53;447;3
37;333;3
87;590;3
53;401;3
87;860;3
51;1238;3
13;695;3
62;607;3
87;1060;3
13;443;3
13;322;3
62;698;3
16;763;3
51;1024;3
90;479;3
63;976;3
91;105;3
63;347;3
91;116;3
73;629;3
16;872;3
63;434;3
91;183;3
91;186;3
38;1234;3
91;202;3
63;499;3
91;204;3
7;1064;3
91;240;3
22;503;3
91;314;3
91;317;3
75;359;3
91;109;3
8;683;3
37;1135;3
91;103;3
10;728;3
10;443;3
26;342;3
22;880;3
51;954;3
90;1090;3
90;1091;3
62;907;3
62;941;3
22;788;3
9;794;3
51;789;3
75;1110;3
75;944;3
62;1214;3
8;1125;3
22;671;3
5;980;3
72;683;3
21;941;3
65;1067;3
40;1230;3
68;438;3
44;572;3
44;570;3
44;569;3
3;454;3
3;440;3
68;195;3
92;705;3
19;359;3
19;21;3
67;914;3
18;1016;3
67;910;3
18;993;3
95;603;3
3;527;3
40;1141;3
40;1139;3
68;964;3
17;359;3
17;370;3
40;899;3
5;23;3
92;914;3
68;1164;3
92;934;3
44;841;3
68;1099;3
65;904;3
65;964;3
65;1007;3
40;1124;3
17;662;3
65;1045;3
42;245;3
95;606;3
2;875;3
42;1085;3
98;787;3
98;985;3
67;370;3
66;463;3
1;526;3
18;205;3
99;992;3
66;698;3
66;821;3
43;173;3
43;303;3
43;921;3
43;918;3
17;1103;3
43;461;3
67;472;3
18;424;3
66;100;3
44;235;3
18;725;3
44;436;3
42;443;3
44;415;3
66;200;3
97;751;3
66;340;3
66;350;3
98;180;3
44;264;3
44;244;3
44;243;3
42;931;3
44;242;3
98;272;3
92;778;3
44;1057;3
65;22;3
70;1234;3
49;523;3
20;1239;3
91;900;3
72;323;3
49;393;3
72;58;3
49;230;3
48;1142;3
92;611;3
16;1154;3
40;95;3
70;1000;3
70;944;3
48;548;3
48;523;3
48;495;3
49;562;3
49;563;3
49;691;3
49;743;3
5;895;3
51;107;3
91;764;3
51;44;3
91;784;3
51;19;3
51;18;3
16;1016;3
50;973;3
91;796;3
65;192;3
91;799;3
91;803;3
39;1127;3
62;437;3
91;1097;3
5;511;3
16;1226;3
20;711;3
92;135;3
69;1234;3
92;238;3
69;1000;3
69;944;3
92;354;3
92;370;3
45;538;3
5;325;3
45;293;3
45;292;3
45;290;3
45;289;3
44;1231;3
44;1146;3
65;722;3
20;715;3
48;124;3
47;92;3
91;1125;3
47;1058;3
5;500;3
17;89;3
47;695;3
40;240;3
5;496;3
47;613;3
47;585;3
47;508;3
5;461;3
47;317;3
47;301;3
40;294;3
47;209;3
53;1170;3
66;1155;3
58;63;3
59;48;3
33;637;3
59;107;3
29;15;3
77;1150;3
60;446;3
15;1235;3
59;84;3
33;359;3
33;210;3
33;94;3
29;353;3
16;518;3
57;178;3
25;569;3
56;212;3
57;346;3
57;370;3
57;394;3
29;477;3
60;587;3
57;432;3
57;588;3
83;1143;3
83;1102;3
32;586;3
57;778;3
57;790;3
57;860;3
33;638;3
59;191;3
57;865;3
85;58;3
33;1123;3
85;982;3
79;373;3
79;384;3
55;391;3
85;475;3
28;722;3
60;155;3
62;64;3
16;129;3
59;370;3
33;978;3
60;267;3
62;63;3
79;1082;3
59;335;3
15;149;3
79;923;3
60;322;3
15;174;3
33;818;3
61;370;3
55;828;3
59;275;3
28;1000;3
55;1205;3
79;945;3
56;181;3
58;1077;3
57;905;3
79;359;3
25;106;3
60;1041;3
81;542;3
31;628;3
60;1043;3
58;668;3
25;74;3
25;83;3
58;631;3
58;228;3
58;229;3
60;1047;3
58;271;3
61;490;3
61;481;3
58;179;3
15;854;3
61;465;3
81;1092;3
82;542;3
58;589;3
16;594;3
58;369;3
25;198;3
15;763;3
31;136;3
58;513;3
58;505;3
82;327;3
58;187;3
82;1003;3
29;722;3
31;1040;3
57;983;3
57;986;3
80;696;3
57;988;3
60;597;3
29;763;3
57;1095;3
57;1173;3
80;945;3
80;1042;3
15;410;3
31;1224;3
16;522;3
58;55;3
25;465;3
58;905;3
83;370;3
31;942;3
80;1234;3
24;1031;3
15;474;3
16;642;3
16;641;3
29;944;3
81;90;3
58;82;3
82;1234;3
81;326;3
24;210;3
33;797;3
54;1164;3
78;1180;3
35;811;3
54;488;3
16;314;3
27;98;3
54;577;3
86;722;3
54;716;3
23;859;3
14;465;3
59;790;3
86;370;3
16;240;3
78;1091;3
14;602;3
14;616;3
59;1173;3
14;777;3
86;160;3
54;917;3
26;942;3
14;370;3
35;913;3
77;227;3
78;370;3
53;1228;3
53;1229;3
16;755;3
16;376;3
54;187;3
16;424;3
37;28;3
36;1052;3
78;459;3
36;722;3
86;983;3
36;612;3
14;345;3
54;394;3
86;769;3
14;367;3
35;915;3
78;1179;3
62;331;3
62;194;3
79;320;3
62;197;3
62;192;3
59;574;3
14;941;3
14;1117;3
14;1008;3
59;572;3
77;1234;3
16;181;3
77;329;3
78;61;3
59;590;3
59;588;3
59;608;3
91;1234;2
91;1235;2
44;430;2
99;1191;2
66;558;2
66;1194;2
78;179;2
66;763;2
43;1199;2
100;59;2
59;917;2
78;427;2
78;438;2
59;346;2
44;83;2
78;1234;2
92;333;2
80;1071;2
78;556;2
60;990;2
46;410;2
60;17;2
59;347;2
92;226;2
79;826;2
58;903;2
47;172;2
46;553;2
70;327;2
59;986;2
59;983;2
43;714;2
94;789;2
68;341;2
100;1097;2
79;330;2
43;484;2
47;707;2
61;10;2
59;1060;2
43;522;2
60;1192;2
60;1110;2
43;526;2
100;833;2
65;653;2
43;891;2
59;386;2
81;941;2
59;1044;2
79;135;2
59;988;2
43;958;2
100;803;2
43;966;2
43;967;2
91;1191;2
43;1167;2
43;1172;2
92;377;2
58;784;2
59;392;2
44;523;2
94;370;2
44;106;2
59;18;2
79;1234;2
67;842;2
59;81;2
92;910;2
80;159;2
65;1048;2
92;858;2
44;360;2
80;238;2
44;645;2
80;333;2
44;493;2
92;764;2
92;763;2
67;724;2
69;327;2
79;944;2
97;416;2
59;122;2
92;93;2
96;520;2
59;166;2
68;1048;2
59;160;2
92;1192;2
96;526;2
79;1179;2
92;990;2
59;631;2
97;140;2
92;941;2
66;148;2
92;930;2
59;778;2
60;519;2
92;465;2
92;467;2
78;1010;2
45;287;2
94;209;2
58;1025;2
78;146;2
68;734;2
59;874;2
66;17;2
78;152;2
68;546;2
98;1118;2
60;653;2
44;122;2
79;1091;2
45;758;2
59;860;2
58;1091;2
65;814;2
94;78;2
44;1142;2
96;40;2
44;257;2
78;1081;2
65;821;2
59;827;2
78;1227;2
92;489;2
92;586;2
92;559;2
59;485;2
78;1071;2
59;1172;2
92;514;2
82;159;2
77;135;2
47;998;2
62;1234;2
75;751;2
66;944;2
54;1013;2
86;152;2
62;1023;2
51;779;2
54;990;2
76;359;2
91;46;2
62;1000;2
51;856;2
91;17;2
91;15;2
51;891;2
54;941;2
91;11;2
62;990;2
51;925;2
62;200;2
86;238;2
86;330;2
51;956;2
62;888;2
75;587;2
63;322;2
62;238;2
86;135;2
91;352;2
91;351;2
84;1112;2
62;56;2
63;805;2
91;297;2
63;592;2
51;562;2
55;505;2
85;200;2
91;241;2
55;463;2
85;370;2
91;199;2
55;232;2
62;144;2
75;519;2
77;330;2
51;590;2
91;115;2
51;636;2
51;639;2
51;675;2
62;882;2
76;370;2
47;1000;2
86;945;2
54;341;2
54;333;2
87;1134;2
62;663;2
87;1071;2
86;1000;2
62;359;2
62;558;2
86;1091;2
87;819;2
87;812;2
87;631;2
53;347;2
86;1173;2
87;223;2
77;128;2
87;550;2
54;55;2
87;513;2
62;382;2
53;590;2
53;767;2
87;401;2
54;347;2
86;944;2
90;778;2
62;354;2
62;297;2
54;767;2
86;505;2
62;333;2
62;764;2
54;626;2
54;590;2
54;552;2
54;513;2
62;761;2
51;1070;2
54;505;2
51;1074;2
62;348;2
86;763;2
89;706;2
62;724;2
76;1048;2
89;177;2
62;703;2
77;25;2
88;679;2
88;678;2
75;354;2
91;354;2
55;640;2
65;331;2
65;197;2
87;333;2
50;440;2
50;568;2
91;798;2
83;447;2
58;48;2
91;791;2
65;148;2
83;505;2
83;590;2
83;1077;2
57;1203;2
91;772;2
65;87;2
57;1091;2
51;102;2
57;989;2
61;511;2
65;17;2
57;890;2
51;196;2
61;570;2
91;836;2
49;749;2
91;361;2
65;341;2
58;415;2
48;44;2
48;257;2
58;370;2
48;493;2
61;432;2
82;458;2
82;543;2
58;335;2
58;282;2
48;967;2
91;990;2
91;982;2
49;392;2
82;941;2
91;941;2
91;935;2
82;944;2
58;200;2
61;498;2
49;570;2
91;888;2
91;872;2
91;724;2
57;812;2
91;720;2
91;714;2
56;292;2
56;290;2
56;288;2
64;148;2
84;922;2
64;144;2
91;443;2
91;434;2
91;423;2
51;493;2
56;185;2
75;241;2
75;273;2
91;398;2
51;503;2
56;89;2
51;517;2
75;348;2
64;17;2
55;1070;2
55;890;2
84;986;2
55;779;2
91;486;2
91;508;2
91;512;2
91;601;2
91;690;2
51;264;2
51;279;2
51;281;2
51;297;2
64;963;2
74;724;2
57;282;2
57;188;2
51;307;2
57;160;2
84;8;2
51;337;2
51;360;2
61;590;2
77;592;2
56;1091;2
91;559;2
51;391;2
77;542;2
64;197;2
91;545;2
59;1091;2
100;1232;2
22;881;2
37;65;2
28;1234;2
29;333;2
39;1001;2
16;643;2
37;76;2
40;560;2
39;966;2
37;231;2
39;949;2
15;863;2
36;403;2
40;573;2
16;1234;2
29;350;2
39;1027;2
38;1024;2
8;439;2
15;944;2
16;658;2
39;1029;2
16;657;2
5;386;2
40;370;2
37;334;2
28;1192;2
37;238;2
5;347;2
22;843;2
40;417;2
40;420;2
22;774;2
15;900;2
13;462;2
22;654;2
28;1093;2
14;5;2
40;954;2
4;669;2
22;343;2
22;342;2
29;822;2
26;343;2
40;1052;2
16;238;2
40;1080;2
39;786;2
15;764;2
22;237;2
39;777;2
40;1127;2
17;643;2
29;724;2
22;590;2
16;582;2
22;514;2
22;512;2
22;510;2
38;1146;2
38;1148;2
38;1160;2
34;1052;2
39;881;2
17;428;2
13;763;2
17;443;2
29;714;2
5;114;2
24;611;2
40;344;2
28;1040;2
16;550;2
10;370;2
38;117;2
40;150;2
16;816;2
39;1211;2
5;553;2
38;646;2
38;666;2
24;32;2
5;524;2
16;719;2
27;913;2
37;871;2
15;1162;2
5;867;2
5;592;2
23;322;2
39;1148;2
16;791;2
23;888;2
16;41;2
23;716;2
9;992;2
16;770;2
9;1115;2
23;370;2
23;350;2
40;109;2
23;1096;2
10;126;2
40;119;2
39;1230;2
28;135;2
10;782;2
23;11;2
22;871;2
37;370;2
28;942;2
16;943;2
16;944;2
15;1013;2
15;1000;2
5;430;2
16;984;2
26;881;2
26;774;2
16;1000;2
16;1002;2
11;772;2
28;1033;2
39;488;2
37;428;2
5;465;2
28;724;2
16;135;2
22;1166;2
16;902;2
39;1146;2
40;252;2
5;516;2
28;763;2
22;1114;2
11;428;2
16;937;2
38;873;2
16;662;2
15;1016;2
16;660;2
40;293;2
29;942;2
39;869;2
3;311;2
39;608;2
31;701;2
21;98;2
31;620;2
29;1040;2
42;1234;2
31;551;2
16;398;2
20;288;2
25;881;2
14;1234;2
18;660;2
20;283;2
31;331;2
3;370;2
14;719;2
15;197;2
14;1135;2
15;603;2
31;168;2
14;1013;2
39;433;2
39;307;2
25;370;2
33;763;2
3;526;2
21;719;2
18;657;2
19;370;2
20;1234;2
31;722;2
39;571;2
31;729;2
18;656;2
43;302;2
31;1234;2
18;658;2
43;261;2
31;1187;2
16;359;2
1;922;2
1;921;2
20;824;2
18;370;2
31;1000;2
39;564;2
2;434;2
31;940;2
33;37;2
31;937;2
32;1234;2
7;256;2
6;975;2
39;567;2
33;225;2
20;370;2
39;570;2
43;119;2
20;970;2
39;534;2
18;935;2
32;1040;2
15;642;2
30;328;2
30;942;2
7;439;2
25;1156;2
39;230;2
6;370;2
1;370;2
3;742;2
25;120;2
16;478;2
25;84;2
41;998;2
43;392;2
33;1189;2
1;440;2
34;76;2
16;298;2
17;816;2
15;725;2
29;1234;2
15;398;2
26;74;2
39;112;2
17;730;2
40;1160;2
15;747;2
40;1133;2
25;162;2
16;350;2
30;1001;2
32;212;2
39;529;2
6;592;2
17;941;2
42;370;2
39;510;2
1;527;2
22;39;2
33;888;2
39;508;2
1;520;2
16;428;2
7;1054;2
39;646;2
39;505;2
32;239;2
14;584;2
39;254;2
18;1162;2
16;333;2
17;944;2
78;718;1
16;320;1
16;72;1
79;663;1
16;134;1
16;132;1
79;912;1
16;98;1
79;829;1
79;427;1
16;92;1
16;130;1
16;126;1
79;882;1
79;452;1
16;97;1
78;696;1
79;838;1
78;1086;1
79;370;1
78;1118;1
78;1019;1
16;290;1
79;75;1
79;65;1
16;197;1
16;202;1
16;205;1
16;212;1
16;225;1
78;1042;1
78;1112;1
16;292;1
78;1065;1
16;226;1
78;1093;1
79;1000;1
78;1069;1
78;1090;1
16;288;1
78;1078;1
78;1089;1
16;255;1
78;1015;1
16;189;1
78;722;1
79;255;1
79;333;1
78;724;1
16;148;1
16;150;1
78;731;1
79;315;1
78;734;1
78;753;1
78;800;1
16;297;1
79;184;1
78;945;1
79;179;1
78;838;1
78;884;1
79;148;1
78;889;1
79;146;1
78;912;1
16;168;1
79;132;1
78;944;1
16;69;1
43;430;1
79;1010;1
15;611;1
82;722;1
82;724;1
82;729;1
82;731;1
15;657;1
82;826;1
82;837;1
82;845;1
82;879;1
82;882;1
82;889;1
82;904;1
82;912;1
82;937;1
15;643;1
82;592;1
82;586;1
82;551;1
82;331;1
82;238;1
15;794;1
82;297;1
15;792;1
15;767;1
82;330;1
82;333;1
82;550;1
15;735;1
82;427;1
15;731;1
15;729;1
15;724;1
15;673;1
82;952;1
82;990;1
82;195;1
82;1000;1
15;414;1
83;463;1
83;501;1
15;413;1
83;517;1
83;550;1
15;408;1
83;609;1
83;668;1
83;767;1
83;905;1
83;912;1
83;988;1
83;989;1
83;1074;1
15;420;1
83;430;1
83;427;1
82;1232;1
82;1040;1
82;1078;1
82;1092;1
82;1150;1
82;1188;1
82;1227;1
15;550;1
83;394;1
15;434;1
15;426;1
83;187;1
83;238;1
83;366;1
15;424;1
82;197;1
82;189;1
79;1023;1
80;1091;1
80;453;1
15;1187;1
80;459;1
80;612;1
80;663;1
15;1115;1
80;722;1
15;1098;1
15;1093;1
80;884;1
80;912;1
15;1040;1
80;1010;1
15;1033;1
80;1065;1
80;452;1
80;451;1
80;438;1
15;1234;1
79;1065;1
79;1089;1
16;36;1
16;17;1
16;10;1
16;5;1
80;61;1
80;427;1
80;135;1
80;152;1
15;1232;1
15;1226;1
80;330;1
15;1195;1
15;1027;1
80;1179;1
15;816;1
80;1180;1
15;857;1
81;944;1
81;990;1
15;853;1
81;1134;1
81;1232;1
81;1234;1
15;844;1
82;31;1
15;837;1
15;833;1
82;132;1
15;822;1
82;148;1
82;152;1
81;731;1
81;729;1
81;592;1
81;253;1
81;31;1
15;993;1
81;93;1
81;132;1
81;135;1
81;195;1
15;990;1
81;586;1
81;359;1
15;889;1
15;888;1
15;875;1
81;550;1
81;551;1
78;663;1
77;1040;1
78;648;1
69;326;1
68;889;1
17;729;1
68;913;1
68;944;1
17;722;1
68;969;1
68;1000;1
17;660;1
68;1040;1
68;1046;1
68;1093;1
17;506;1
68;1134;1
68;1149;1
68;1150;1
17;450;1
68;1172;1
68;882;1
68;838;1
68;826;1
68;358;1
17;882;1
17;845;1
68;297;1
68;327;1
68;331;1
17;839;1
17;837;1
68;359;1
68;819;1
68;370;1
68;437;1
17;735;1
17;731;1
68;550;1
68;607;1
68;632;1
68;1234;1
17;333;1
17;889;1
17;330;1
16;1158;1
16;1135;1
16;1115;1
16;1101;1
70;1232;1
16;1098;1
71;11;1
71;56;1
16;1080;1
71;327;1
71;370;1
71;547;1
16;1076;1
72;250;1
16;1066;1
72;333;1
16;1051;1
70;952;1
16;1189;1
70;837;1
17;233;1
17;301;1
17;298;1
69;550;1
17;297;1
69;724;1
69;837;1
17;238;1
17;189;1
16;1232;1
17;153;1
70;17;1
17;135;1
17;132;1
17;128;1
17;101;1
70;722;1
68;135;1
68;64;1
16;330;1
66;731;1
66;267;1
18;642;1
18;443;1
18;414;1
66;385;1
66;427;1
18;364;1
66;446;1
18;226;1
66;498;1
18;153;1
66;590;1
66;605;1
66;607;1
66;630;1
17;1234;1
66;722;1
66;187;1
66;166;1
66;160;1
65;1234;1
65;1150;1
19;49;1
65;1153;1
65;1164;1
65;1188;1
65;1214;1
65;1232;1
18;994;1
66;155;1
66;1;1
66;10;1
66;11;1
66;13;1
66;22;1
66;63;1
18;816;1
66;724;1
66;736;1
68;11;1
17;1187;1
17;1069;1
17;1040;1
66;1195;1
66;1214;1
66;1226;1
67;43;1
67;61;1
17;1023;1
67;354;1
17;1000;1
67;473;1
67;519;1
67;764;1
17;938;1
17;937;1
17;897;1
67;1234;1
17;1080;1
66;1134;1
66;1109;1
66;912;1
66;767;1
66;771;1
66;788;1
17;1115;1
66;837;1
66;882;1
66;907;1
66;913;1
66;1104;1
17;1088;1
66;969;1
66;976;1
66;980;1
66;990;1
66;1004;1
66;1098;1
16;1037;1
16;1033;1
72;733;1
77;1080;1
77;839;1
16;656;1
77;845;1
77;879;1
77;882;1
77;889;1
77;912;1
77;937;1
16;616;1
77;941;1
77;944;1
16;615;1
77;990;1
16;586;1
77;1023;1
16;581;1
16;559;1
77;837;1
77;826;1
77;806;1
77;551;1
16;715;1
77;428;1
16;711;1
16;709;1
16;708;1
16;676;1
77;550;1
77;558;1
77;735;1
77;586;1
16;673;1
77;663;1
77;722;1
77;724;1
77;729;1
77;731;1
15;354;1
77;1092;1
72;837;1
77;1093;1
78;238;1
16;421;1
16;413;1
78;265;1
78;282;1
78;315;1
78;321;1
78;326;1
78;330;1
78;333;1
78;359;1
16;386;1
16;357;1
78;451;1
16;331;1
78;460;1
78;479;1
78;188;1
78;184;1
78;161;1
77;1232;1
77;1134;1
16;553;1
16;512;1
16;510;1
16;490;1
77;1188;1
16;489;1
16;473;1
16;434;1
78;65;1
78;82;1
78;90;1
78;93;1
78;135;1
16;472;1
16;462;1
77;333;1
16;723;1
16;724;1
16;725;1
16;932;1
74;1000;1
74;1093;1
75;100;1
16;928;1
16;919;1
16;896;1
16;893;1
16;889;1
16;888;1
16;882;1
16;875;1
16;870;1
75;597;1
16;867;1
75;757;1
75;837;1
16;938;1
74;370;1
16;941;1
16;990;1
72;941;1
72;1000;1
72;1019;1
72;1125;1
16;1023;1
16;994;1
16;991;1
16;974;1
73;1234;1
73;724;1
16;970;1
73;990;1
73;1000;1
73;1093;1
73;1228;1
73;1229;1
16;844;1
75;1043;1
75;1047;1
16;731;1
16;764;1
16;762;1
16;758;1
77;148;1
77;168;1
16;735;1
77;197;1
77;226;1
77;31;1
16;730;1
77;267;1
77;297;1
77;298;1
77;321;1
16;729;1
77;326;1
77;50;1
16;767;1
16;837;1
16;809;1
75;1234;1
75;1235;1
76;329;1
76;330;1
16;835;1
16;822;1
16;810;1
76;731;1
16;783;1
76;882;1
76;889;1
16;797;1
76;1023;1
76;1039;1
76;1080;1
76;1134;1
83;1091;1
14;809;1
15;350;1
5;501;1
91;1103;1
91;1106;1
91;1107;1
91;1108;1
91;1115;1
91;1116;1
5;502;1
91;1119;1
91;1134;1
91;993;1
5;478;1
91;1186;1
5;450;1
5;441;1
91;1192;1
5;440;1
5;437;1
5;434;1
5;505;1
5;513;1
91;1093;1
91;1091;1
5;531;1
5;520;1
91;1019;1
91;1023;1
91;1033;1
91;1040;1
91;1041;1
91;1043;1
91;1047;1
91;1051;1
91;1054;1
91;1056;1
91;1057;1
91;1058;1
91;1063;1
91;1080;1
91;1085;1
91;1232;1
5;428;1
5;427;1
92;429;1
92;446;1
5;333;1
5;312;1
5;311;1
92;479;1
5;299;1
92;492;1
92;503;1
92;510;1
5;298;1
92;550;1
5;297;1
5;265;1
92;596;1
5;226;1
92;607;1
5;200;1
92;434;1
92;392;1
92;17;1
5;343;1
92;43;1
92;111;1
92;130;1
5;420;1
92;136;1
92;148;1
92;181;1
92;185;1
92;189;1
92;193;1
92;200;1
5;410;1
5;392;1
5;371;1
5;369;1
92;342;1
5;349;1
5;549;1
91;992;1
92;653;1
5;876;1
5;943;1
5;935;1
5;925;1
91;762;1
5;889;1
5;888;1
91;767;1
91;768;1
91;771;1
5;559;1
91;773;1
91;779;1
5;864;1
91;782;1
5;857;1
5;845;1
91;788;1
5;843;1
91;751;1
91;735;1
5;944;1
5;982;1
5;1091;1
91;688;1
5;1088;1
91;694;1
5;1080;1
5;1076;1
91;704;1
5;1040;1
91;719;1
5;1038;1
5;1019;1
5;1000;1
91;725;1
91;727;1
5;990;1
91;729;1
91;731;1
91;794;1
5;788;1
5;779;1
91;875;1
91;882;1
91;883;1
5;701;1
5;669;1
91;894;1
91;896;1
91;897;1
5;605;1
91;906;1
91;913;1
91;914;1
5;604;1
91;944;1
91;947;1
5;590;1
5;568;1
5;561;1
91;880;1
5;702;1
5;772;1
5;711;1
5;763;1
5;761;1
5;750;1
5;733;1
91;809;1
5;731;1
5;729;1
91;834;1
91;835;1
5;724;1
91;838;1
91;844;1
91;854;1
5;722;1
91;866;1
91;867;1
91;868;1
92;643;1
5;197;1
83;1170;1
95;192;1
94;1158;1
3;325;1
94;1200;1
3;309;1
3;246;1
95;12;1
3;221;1
95;43;1
95;257;1
94;322;1
95;322;1
3;190;1
3;40;1
95;1097;1
96;9;1
3;23;1
96;43;1
2;592;1
3;345;1
3;347;1
3;356;1
94;1092;1
3;535;1
94;400;1
94;435;1
94;436;1
3;533;1
94;442;1
3;524;1
94;504;1
94;505;1
94;533;1
3;520;1
94;571;1
3;515;1
3;439;1
3;374;1
94;1016;1
94;1091;1
2;499;1
2;498;1
2;454;1
98;667;1
1;789;1
1;742;1
1;737;1
98;1018;1
98;1019;1
1;619;1
1;593;1
1;522;1
1;505;1
1;503;1
1;502;1
1;454;1
1;439;1
1;392;1
1;311;1
100;1033;1
1;166;1
1;827;1
98;595;1
96;527;1
98;467;1
2;169;1
96;883;1
96;1087;1
97;52;1
97;68;1
97;135;1
1;1222;1
97;190;1
97;392;1
1;1185;1
97;538;1
1;1175;1
1;891;1
1;861;1
98;270;1
1;835;1
98;362;1
94;359;1
3;560;1
92;671;1
92;889;1
92;839;1
5;132;1
92;845;1
92;856;1
92;859;1
5;60;1
92;883;1
92;888;1
92;908;1
3;561;1
5;50;1
92;915;1
92;926;1
4;553;1
4;540;1
92;940;1
4;539;1
92;944;1
92;838;1
92;837;1
92;826;1
92;824;1
92;687;1
92;692;1
5;190;1
92;722;1
92;724;1
92;729;1
92;731;1
92;735;1
5;189;1
5;169;1
92;767;1
5;139;1
5;135;1
92;788;1
92;804;1
92;806;1
92;822;1
92;946;1
4;538;1
4;503;1
3;854;1
3;623;1
92;422;1
3;604;1
92;873;1
92;999;1
92;1020;1
92;1233;1
3;584;1
94;114;1
94;122;1
94;123;1
94;137;1
94;192;1
3;571;1
94;270;1
94;277;1
94;282;1
3;733;1
3;950;1
92;1000;1
3;967;1
92;1014;1
92;1023;1
92;1031;1
92;1033;1
92;1040;1
92;1066;1
92;1071;1
92;1093;1
3;1196;1
92;1151;1
92;1186;1
92;1188;1
3;1175;1
3;1172;1
92;1226;1
92;1227;1
3;1161;1
5;1092;1
5;1093;1
91;673;1
87;1007;1
87;722;1
13;722;1
13;719;1
87;833;1
13;715;1
87;945;1
87;990;1
13;643;1
13;522;1
86;1118;1
87;1025;1
87;1032;1
13;370;1
12;1115;1
87;1163;1
87;1169;1
87;1180;1
87;1234;1
87;668;1
87;632;1
13;764;1
13;822;1
86;1181;1
86;1227;1
86;1232;1
86;1234;1
14;156;1
14;135;1
14;92;1
14;89;1
13;1124;1
13;1097;1
87;382;1
87;394;1
13;1033;1
13;1017;1
13;978;1
87;485;1
13;900;1
12;918;1
88;443;1
12;755;1
89;590;1
89;778;1
11;649;1
89;1065;1
89;1086;1
11;301;1
90;160;1
90;161;1
11;186;1
11;46;1
11;36;1
10;1234;1
10;1215;1
90;370;1
10;941;1
10;835;1
90;505;1
90;589;1
11;652;1
89;479;1
12;181;1
11;659;1
11;1226;1
88;668;1
11;1178;1
11;1119;1
88;702;1
88;945;1
88;990;1
11;908;1
88;1134;1
88;1144;1
11;837;1
89;152;1
11;835;1
11;799;1
89;179;1
89;265;1
89;370;1
14;203;1
86;1112;1
91;667;1
85;469;1
85;179;1
15;95;1
15;91;1
85;250;1
15;72;1
85;427;1
85;432;1
85;438;1
15;63;1
14;232;1
85;589;1
85;590;1
85;724;1
85;732;1
85;733;1
85;888;1
85;912;1
85;941;1
85;98;1
85;88;1
15;97;1
15;98;1
83;1171;1
15;297;1
15;238;1
15;232;1
84;333;1
84;346;1
84;384;1
84;555;1
84;590;1
84;778;1
84;837;1
84;912;1
15;226;1
84;952;1
84;1086;1
15;135;1
84;1179;1
85;969;1
15;17;1
85;983;1
86;586;1
14;413;1
86;731;1
14;379;1
14;356;1
86;922;1
14;319;1
14;314;1
86;952;1
14;297;1
86;990;1
14;291;1
86;1015;1
86;1033;1
86;1071;1
86;1077;1
86;1086;1
86;1090;1
14;419;1
86;577;1
85;1019;1
86;555;1
85;1022;1
85;1036;1
85;1065;1
14;1206;1
86;61;1
86;85;1
14;1000;1
14;930;1
14;889;1
86;200;1
14;695;1
14;662;1
14;492;1
86;384;1
86;427;1
14;424;1
14;421;1
90;763;1
10;758;1
90;874;1
7;166;1
7;634;1
7;633;1
7;535;1
91;355;1
7;410;1
7;386;1
7;370;1
7;171;1
7;53;1
10;722;1
7;45;1
91;392;1
6;1093;1
6;1092;1
91;405;1
91;412;1
6;963;1
91;416;1
91;348;1
7;640;1
91;333;1
91;331;1
91;272;1
91;274;1
91;275;1
91;276;1
91;278;1
91;279;1
91;281;1
91;283;1
91;286;1
91;287;1
7;921;1
7;857;1
91;300;1
91;301;1
7;853;1
7;831;1
7;669;1
6;922;1
6;805;1
91;426;1
6;195;1
6;90;1
91;562;1
6;25;1
91;582;1
91;586;1
5;1226;1
5;1223;1
5;1196;1
5;1188;1
5;1185;1
5;1156;1
91;626;1
5;1098;1
91;642;1
91;643;1
91;648;1
91;659;1
91;553;1
91;551;1
91;428;1
6;326;1
91;431;1
6;734;1
6;731;1
91;454;1
91;455;1
6;722;1
6;593;1
91;473;1
6;586;1
6;511;1
91;485;1
6;441;1
91;489;1
6;440;1
6;438;1
91;538;1
91;549;1
91;268;1
7;1027;1
91;265;1
91;33;1
91;41;1
91;45;1
9;443;1
91;50;1
91;56;1
9;370;1
9;362;1
9;174;1
91;60;1
8;944;1
91;78;1
8;875;1
91;92;1
91;94;1
8;867;1
8;771;1
8;750;1
91;40;1
91;32;1
8;710;1
91;30;1
10;715;1
90;987;1
90;1065;1
90;1071;1
90;1089;1
10;322;1
10;301;1
90;1234;1
90;1238;1
91;1;1
91;3;1
91;4;1
91;8;1
91;9;1
91;13;1
9;1040;1
91;21;1
91;100;1
8;605;1
91;264;1
8;370;1
8;322;1
8;169;1
7;1161;1
91;211;1
91;226;1
91;237;1
7;1059;1
7;1057;1
91;242;1
91;243;1
91;244;1
91;248;1
7;1056;1
91;256;1
91;259;1
91;261;1
91;263;1
91;189;1
8;386;1
8;503;1
8;435;1
8;498;1
8;497;1
91;118;1
8;496;1
91;121;1
91;122;1
91;124;1
91;128;1
91;134;1
91;135;1
8;463;1
91;147;1
91;163;1
91;166;1
91;170;1
91;173;1
91;181;1
65;1149;1
21;751;1
65;1093;1
39;392;1
39;366;1
51;488;1
39;365;1
39;360;1
39;343;1
51;495;1
39;342;1
39;308;1
51;502;1
39;306;1
51;505;1
51;510;1
39;301;1
39;297;1
39;276;1
51;526;1
39;248;1
39;370;1
39;404;1
39;566;1
39;453;1
51;343;1
51;345;1
51;355;1
39;563;1
39;535;1
39;532;1
51;382;1
39;530;1
51;402;1
39;503;1
39;494;1
51;417;1
39;490;1
39;465;1
51;435;1
51;437;1
51;440;1
39;244;1
39;233;1
39;226;1
39;143;1
38;1029;1
51;643;1
38;1027;1
38;1001;1
38;990;1
51;707;1
38;888;1
51;733;1
51;737;1
38;882;1
38;881;1
38;866;1
38;862;1
51;745;1
38;856;1
51;747;1
38;786;1
38;1059;1
51;627;1
51;625;1
39;74;1
51;548;1
39;135;1
39;108;1
39;107;1
39;102;1
39;84;1
39;76;1
39;67;1
38;1066;1
39;3;1
51;571;1
38;1230;1
51;576;1
51;589;1
38;1075;1
38;1072;1
39;565;1
51;322;1
38;729;1
39;990;1
39;944;1
50;1160;1
51;1;1
51;11;1
51;14;1
39;942;1
39;918;1
39;902;1
39;892;1
51;51;1
51;55;1
51;62;1
51;63;1
51;66;1
39;889;1
39;888;1
39;882;1
50;1058;1
39;1026;1
51;311;1
50;829;1
39;1136;1
39;1135;1
39;1096;1
50;44;1
39;1076;1
50;309;1
50;347;1
39;1072;1
39;1070;1
39;1066;1
50;505;1
50;543;1
39;1044;1
50;570;1
50;575;1
50;601;1
50;634;1
39;862;1
39;849;1
51;108;1
39;845;1
39;702;1
39;652;1
51;245;1
39;647;1
51;252;1
51;263;1
39;627;1
39;622;1
51;276;1
39;621;1
39;610;1
51;289;1
39;586;1
39;576;1
39;572;1
39;569;1
39;568;1
51;230;1
39;729;1
51;222;1
39;744;1
51;124;1
51;135;1
39;776;1
39;749;1
39;746;1
51;177;1
51;190;1
39;740;1
51;221;1
51;200;1
39;739;1
39;738;1
51;216;1
51;217;1
51;218;1
51;219;1
38;776;1
38;702;1
55;1056;1
35;920;1
35;825;1
35;120;1
35;32;1
34;1234;1
54;547;1
54;550;1
34;1186;1
34;1023;1
54;607;1
54;613;1
34;1000;1
34;944;1
34;941;1
34;933;1
34;825;1
54;771;1
54;790;1
35;888;1
35;926;1
53;509;1
35;948;1
37;233;1
53;917;1
37;220;1
37;150;1
37;148;1
37;119;1
54;23;1
37;116;1
54;206;1
37;4;1
36;724;1
36;721;1
36;370;1
36;325;1
36;66;1
35;1119;1
35;1105;1
54;793;1
54;806;1
34;818;1
34;627;1
33;1098;1
55;305;1
55;347;1
55;358;1
33;1072;1
55;430;1
33;1023;1
33;1000;1
33;981;1
33;889;1
33;882;1
55;675;1
55;749;1
33;846;1
33;822;1
33;795;1
55;847;1
55;70;1
54;1237;1
54;1192;1
54;1003;1
54;860;1
34;552;1
54;905;1
34;359;1
34;297;1
34;277;1
34;247;1
34;236;1
54;1171;1
34;235;1
34;225;1
34;135;1
34;94;1
54;1099;1
34;77;1
33;1215;1
37;291;1
53;505;1
51;790;1
38;510;1
38;503;1
51;926;1
51;933;1
51;936;1
38;444;1
38;392;1
38;370;1
38;252;1
38;142;1
38;76;1
51;990;1
51;991;1
51;1001;1
37;1130;1
37;1080;1
51;1027;1
37;944;1
38;505;1
51;905;1
37;294;1
38;572;1
51;793;1
51;828;1
51;847;1
51;852;1
38;627;1
51;857;1
51;858;1
51;861;1
38;622;1
51;865;1
51;866;1
51;868;1
38;621;1
51;875;1
51;881;1
51;889;1
38;573;1
51;1057;1
51;1065;1
37;941;1
37;888;1
37;443;1
37;433;1
51;1234;1
37;403;1
37;392;1
52;505;1
53;1;1
53;11;1
53;55;1
53;81;1
53;160;1
53;188;1
53;223;1
53;228;1
37;345;1
53;370;1
37;342;1
37;510;1
37;512;1
37;514;1
51;1141;1
51;1079;1
51;1091;1
37;818;1
51;1127;1
51;1135;1
51;1137;1
51;1139;1
37;776;1
37;596;1
37;731;1
37;721;1
51;1198;1
51;1199;1
37;711;1
51;1202;1
37;671;1
39;1140;1
49;726;1
39;1160;1
42;489;1
42;434;1
44;465;1
42;339;1
42;322;1
44;503;1
42;314;1
42;297;1
42;135;1
44;538;1
42;46;1
42;5;1
44;563;1
41;1184;1
41;941;1
41;392;1
41;370;1
41;322;1
44;435;1
42;509;1
42;837;1
42;550;1
42;770;1
42;764;1
44;276;1
44;297;1
44;310;1
42;763;1
42;731;1
42;724;1
42;722;1
44;370;1
44;371;1
44;381;1
42;719;1
42;601;1
44;392;1
42;586;1
44;409;1
41;301;1
41;296;1
44;576;1
44;590;1
40;956;1
44;856;1
44;862;1
40;949;1
44;875;1
40;942;1
40;931;1
44;961;1
40;888;1
40;882;1
40;869;1
40;852;1
40;851;1
40;849;1
40;780;1
44;1054;1
40;763;1
40;959;1
40;1000;1
40;1024;1
40;1131;1
44;608;1
41;46;1
40;1192;1
40;1161;1
40;1148;1
40;1146;1
40;1132;1
40;1130;1
40;1027;1
40;1128;1
40;1126;1
40;1109;1
40;1105;1
44;747;1
40;1029;1
44;767;1
42;822;1
42;888;1
39;1161;1
43;324;1
43;737;1
43;741;1
43;758;1
43;793;1
43;795;1
43;817;1
43;818;1
43;864;1
43;889;1
43;311;1
43;913;1
43;916;1
43;308;1
43;307;1
43;944;1
43;301;1
43;294;1
43;733;1
43;707;1
42;944;1
43;694;1
43;404;1
43;490;1
43;493;1
43;505;1
43;386;1
43;361;1
43;527;1
43;560;1
43;562;1
43;563;1
43;334;1
43;570;1
43;571;1
43;575;1
43;636;1
43;655;1
43;693;1
43;975;1
43;982;1
43;997;1
43;1000;1
43;3;1
44;108;1
44;118;1
44;121;1
42;1232;1
44;125;1
44;135;1
44;138;1
44;142;1
42;1192;1
42;1187;1
44;166;1
42;1093;1
44;172;1
42;1040;1
42;1033;1
42;1000;1
43;4;1
43;28;1
43;65;1
43;1184;1
43;1080;1
43;1093;1
43;1094;1
43;1121;1
43;1156;1
43;221;1
43;199;1
43;1185;1
43;91;1
43;147;1
43;137;1
43;1209;1
43;1216;1
43;135;1
44;45;1
43;94;1
40;735;1
40;731;1
44;1070;1
47;1107;1
47;1129;1
47;1132;1
40;169;1
47;1192;1
47;1194;1
47;1206;1
40;151;1
48;72;1
48;74;1
48;143;1
40;144;1
48;190;1
40;142;1
48;312;1
40;132;1
48;386;1
48;422;1
47;1108;1
47;1106;1
40;677;1
47;1075;1
47;525;1
40;261;1
40;249;1
40;248;1
40;236;1
40;235;1
47;781;1
47;862;1
47;868;1
40;210;1
47;928;1
47;931;1
47;971;1
40;198;1
40;189;1
47;1013;1
40;173;1
40;120;1
40;115;1
40;112;1
40;108;1
39;1236;1
49;430;1
49;440;1
49;465;1
39;1224;1
49;503;1
39;1222;1
49;505;1
49;530;1
49;553;1
39;1210;1
39;1209;1
49;566;1
39;1194;1
39;1185;1
49;586;1
49;608;1
39;1238;1
49;370;1
40;2;1
40;76;1
48;566;1
40;105;1
40;103;1
48;691;1
48;765;1
48;766;1
48;786;1
40;35;1
40;5;1
40;32;1
48;1201;1
40;17;1
49;72;1
49;84;1
40;10;1
40;9;1
40;263;1
40;279;1
47;436;1
40;413;1
45;286;1
40;571;1
45;288;1
40;553;1
40;535;1
40;532;1
40;529;1
40;526;1
45;540;1
45;715;1
40;515;1
40;510;1
40;508;1
40;478;1
45;1050;1
40;434;1
45;1168;1
45;283;1
45;278;1
40;572;1
40;645;1
44;1130;1
44;1136;1
44;1139;1
40;673;1
44;1144;1
40;654;1
40;646;1
44;1157;1
40;576;1
40;619;1
40;616;1
44;1196;1
40;613;1
40;583;1
44;1210;1
44;1212;1
46;370;1
46;430;1
47;416;1
46;500;1
47;208;1
40;298;1
47;245;1
47;259;1
47;278;1
47;279;1
47;283;1
47;286;1
47;287;1
40;297;1
47;296;1
47;302;1
40;291;1
47;337;1
47;361;1
47;370;1
40;289;1
47;183;1
40;304;1
47;165;1
46;857;1
40;407;1
40;392;1
46;568;1
46;623;1
40;352;1
40;351;1
40;345;1
46;1196;1
40;308;1
40;338;1
47;15;1
47;57;1
40;333;1
47;118;1
47;121;1
47;125;1
33;793;1
33;773;1
65;1092;1
62;539;1
62;551;1
23;198;1
62;559;1
62;580;1
62;586;1
62;590;1
23;167;1
62;643;1
23;163;1
62;677;1
23;162;1
62;704;1
22;1195;1
62;729;1
62;731;1
62;734;1
62;735;1
23;248;1
62;537;1
62;349;1
62;505;1
62;358;1
23;582;1
23;464;1
62;372;1
62;383;1
62;427;1
62;429;1
62;434;1
62;446;1
62;458;1
62;459;1
62;460;1
62;465;1
62;472;1
23;285;1
62;479;1
62;486;1
22;1144;1
22;1093;1
22;1040;1
62;767;1
22;882;1
62;889;1
62;912;1
62;913;1
62;914;1
62;920;1
62;937;1
22;845;1
62;944;1
62;945;1
62;964;1
62;969;1
62;1022;1
22;735;1
62;1032;1
62;1033;1
62;1038;1
62;886;1
62;885;1
22;888;1
62;821;1
22;1033;1
62;783;1
62;787;1
22;1000;1
62;804;1
22;968;1
62;819;1
62;822;1
62;880;1
22;946;1
22;942;1
62;843;1
62;844;1
62;845;1
62;870;1
62;879;1
23;583;1
23;598;1
62;1040;1
61;738;1
61;741;1
24;522;1
61;763;1
61;767;1
61;827;1
61;847;1
61;864;1
61;865;1
61;875;1
61;882;1
61;912;1
61;944;1
24;492;1
61;980;1
61;990;1
61;1040;1
24;477;1
61;739;1
61;735;1
62;340;1
61;726;1
61;439;1
25;112;1
24;1232;1
61;500;1
24;1000;1
24;934;1
24;858;1
24;763;1
61;517;1
24;724;1
61;532;1
61;535;1
61;565;1
24;677;1
24;559;1
61;668;1
24;552;1
61;1092;1
61;1093;1
61;1098;1
61;1188;1
24;199;1
62;160;1
62;182;1
24;72;1
23;1163;1
23;1156;1
62;211;1
62;224;1
23;984;1
62;237;1
62;244;1
62;267;1
23;883;1
62;321;1
62;322;1
62;330;1
23;780;1
24;207;1
24;240;1
62;110;1
62;43;1
61;1207;1
61;1208;1
61;1234;1
61;1236;1
62;10;1
24;411;1
62;24;1
24;377;1
62;94;1
62;60;1
62;62;1
24;370;1
24;331;1
62;69;1
62;72;1
62;88;1
62;1039;1
62;1042;1
55;1156;1
21;434;1
21;413;1
21;181;1
65;224;1
65;227;1
65;238;1
65;267;1
65;297;1
65;322;1
65;323;1
21;97;1
65;358;1
20;1189;1
20;1080;1
65;383;1
65;386;1
20;944;1
20;928;1
21;416;1
21;443;1
64;1033;1
21;551;1
64;1067;1
64;1071;1
64;1076;1
64;1091;1
64;1093;1
64;1188;1
21;1098;1
21;932;1
21;757;1
21;756;1
43;471;1
21;722;1
65;93;1
65;132;1
65;135;1
21;676;1
21;615;1
20;919;1
65;519;1
65;539;1
65;543;1
20;181;1
65;889;1
20;153;1
65;913;1
65;963;1
20;133;1
65;990;1
65;1000;1
65;1006;1
19;1205;1
19;1129;1
65;1042;1
19;1000;1
19;944;1
19;936;1
19;455;1
19;398;1
65;882;1
65;833;1
65;819;1
65;629;1
65;546;1
65;550;1
20;882;1
65;587;1
65;597;1
65;599;1
65;611;1
20;791;1
20;443;1
20;767;1
20;731;1
20;643;1
20;604;1
65;763;1
65;788;1
65;803;1
21;1189;1
64;1000;1
62;1071;1
63;438;1
63;500;1
63;501;1
63;502;1
63;505;1
22;465;1
63;669;1
63;698;1
63;704;1
63;724;1
63;763;1
63;803;1
22;464;1
63;821;1
63;922;1
22;392;1
63;980;1
63;1040;1
63;490;1
63;437;1
64;944;1
22;586;1
22;731;1
62;1080;1
62;1093;1
62;1104;1
22;729;1
62;1192;1
62;1195;1
22;713;1
62;1232;1
22;682;1
63;1;1
63;23;1
63;62;1
63;63;1
63;166;1
63;370;1
63;374;1
63;1091;1
22;365;1
22;350;1
22;333;1
64;472;1
64;550;1
64;590;1
64;605;1
64;606;1
64;674;1
64;698;1
64;703;1
64;722;1
64;724;1
64;768;1
22;69;1
22;67;1
64;844;1
64;882;1
64;889;1
64;907;1
22;104;1
64;434;1
64;382;1
64;160;1
22;325;1
64;20;1
22;322;1
64;24;1
22;247;1
22;226;1
64;155;1
22;221;1
22;189;1
64;227;1
64;267;1
64;322;1
64;331;1
64;349;1
64;358;1
22;197;1
25;141;1
61;434;1
61;427;1
31;128;1
58;429;1
31;69;1
30;1234;1
58;457;1
58;463;1
58;485;1
30;1084;1
58;511;1
58;517;1
58;550;1
30;881;1
30;775;1
30;687;1
30;557;1
58;609;1
30;492;1
30;332;1
58;427;1
58;402;1
31;944;1
58;397;1
31;764;1
58;102;1
58;111;1
31;762;1
58;164;1
31;735;1
31;724;1
31;550;1
31;512;1
31;389;1
31;359;1
31;272;1
58;366;1
31;213;1
58;384;1
58;392;1
31;145;1
58;748;1
58;749;1
30;117;1
29;1184;1
58;1134;1
29;510;1
29;442;1
29;434;1
58;1228;1
58;1234;1
59;1;1
59;6;1
59;11;1
29;392;1
59;45;1
29;385;1
59;62;1
59;63;1
59;67;1
59;79;1
59;80;1
29;553;1
58;1090;1
58;1086;1
29;875;1
29;1093;1
58;805;1
29;1083;1
58;820;1
29;1033;1
29;1000;1
29;937;1
58;912;1
29;687;1
29;837;1
58;964;1
29;788;1
29;764;1
29;729;1
58;990;1
58;1005;1
58;81;1
58;60;1
25;172;1
56;919;1
56;925;1
56;928;1
56;970;1
56;972;1
56;1066;1
56;1093;1
56;1102;1
56;1115;1
56;1234;1
56;1239;1
33;96;1
57;6;1
57;8;1
57;11;1
57;62;1
57;79;1
57;80;1
56;924;1
56;794;1
31;1093;1
56;783;1
33;764;1
56;55;1
56;123;1
56;135;1
33;731;1
33;719;1
33;663;1
33;515;1
33;413;1
33;404;1
56;414;1
56;424;1
56;432;1
56;443;1
56;450;1
56;758;1
33;297;1
57;81;1
33;65;1
57;177;1
57;200;1
32;467;1
32;370;1
32;331;1
32;330;1
32;315;1
32;226;1
32;189;1
57;1086;1
57;1090;1
32;181;1
32;128;1
57;1170;1
57;1171;1
32;127;1
32;43;1
31;1232;1
58;43;1
57;833;1
32;473;1
32;489;1
57;415;1
32;1220;1
57;228;1
32;1093;1
57;369;1
32;999;1
32;937;1
57;397;1
32;882;1
57;784;1
57;447;1
57;513;1
57;577;1
32;764;1
32;735;1
57;668;1
32;506;1
29;343;1
29;100;1
59;110;1
26;221;1
59;1134;1
59;1143;1
25;1210;1
59;1170;1
25;1083;1
25;1031;1
59;1203;1
25;1027;1
59;1228;1
59;1232;1
25;977;1
60;87;1
25;949;1
25;915;1
25;891;1
25;880;1
60;340;1
59;1097;1
26;333;1
59;111;1
59;1075;1
59;937;1
59;964;1
59;977;1
26;490;1
26;488;1
59;987;1
26;485;1
26;465;1
59;990;1
59;1005;1
59;1007;1
26;442;1
26;434;1
59;1056;1
26;392;1
59;1071;1
26;370;1
25;875;1
60;354;1
60;370;1
25;855;1
25;392;1
60;1194;1
25;390;1
61;56;1
61;62;1
61;63;1
61;114;1
61;132;1
61;187;1
25;276;1
61;197;1
61;200;1
61;226;1
61;298;1
61;347;1
61;358;1
25;221;1
25;415;1
60;1104;1
25;425;1
60;724;1
25;622;1
60;550;1
25;568;1
25;566;1
25;559;1
25;550;1
60;722;1
60;751;1
60;1046;1
60;764;1
25;530;1
60;1000;1
25;505;1
60;1040;1
25;464;1
25;432;1
26;713;1
59;912;1
26;855;1
28;559;1
28;837;1
59;369;1
28;832;1
59;382;1
28;735;1
28;729;1
28;665;1
28;611;1
59;415;1
59;425;1
59;427;1
59;430;1
28;586;1
59;442;1
59;444;1
59;447;1
59;452;1
28;875;1
28;882;1
28;913;1
28;1187;1
28;1226;1
28;1222;1
59;164;1
59;177;1
59;179;1
59;187;1
59;188;1
59;200;1
28;937;1
28;990;1
59;245;1
28;969;1
28;944;1
59;281;1
59;306;1
59;333;1
59;465;1
59;504;1
59;882;1
28;550;1
59;679;1
59;685;1
59;738;1
59;748;1
28;134;1
59;769;1
27;1096;1
27;1083;1
27;1000;1
59;820;1
27;912;1
59;828;1
27;858;1
27;756;1
27;179;1
59;869;1
26;1195;1
59;678;1
28;136;1
28;274;1
28;392;1
28;510;1
28;467;1
59;521;1
59;524;1
59;530;1
28;465;1
28;398;1
28;343;1
28;300;1
28;333;1
28;331;1
59;591;1
59;607;1
28;322;1
59;609;1
59;614;1
51;83;1
